company,title,location,experience,salary_lpa,match,portal,posted,url
Coinbase,Machine Learning Engineer,Remote (India),2+ yrs,44.1,61,greenhouse,2026-07-30T12:40:45-04:00,https://www.coinbase.com/careers/positions/7985187
Coinbase,"Software Engineer, Security Platform",Remote (India),3+ yrs,44.1,20,greenhouse,2026-08-28T19:26:55-04:00,https://www.coinbase.com/careers/positions/8165441
Coinbase,"Software Engineer, EAA Integrations",Remote (India),2+ yrs,35.8,26,greenhouse,2026-06-22T15:08:18-04:00,https://www.coinbase.com/careers/positions/7558051
Canonical,Software Engineer - Secure Container Images,Remote (Apac),0-7 yrs,,35,greenhouse,2026-08-25T10:07:21-04:00,https://job-boards.greenhouse.io/canonical/jobs/8130859
Canonical,C++/Rust Graphics and Windowing System Software Engineer - Mir,Remote (Apac),2+ yrs,,27,greenhouse,2026-08-05T18:23:33-04:00,https://job-boards.greenhouse.io/canonical/jobs/4439935
Coinbase,Senior Machine Learning Engineer,Remote (India),"5+ yrs, senior title",66.1,61,greenhouse,2026-06-22T12:59:07-04:00,https://www.coinbase.com/careers/positions/7739592
Canonical,MLOps Field Engineer,Remote (Worldwide),Years not stated,,51,greenhouse,2026-08-05T18:23:33-04:00,https://job-boards.greenhouse.io/canonical/jobs/6783943
Canonical,Python Engineer,Remote (Worldwide),Years not stated,,42,greenhouse,2026-08-05T18:23:33-04:00,https://job-boards.greenhouse.io/canonical/jobs/5143074
Canonical,"Python and Kubernetes Software Engineer - Data, Workflows, AI/ML & Analytics",Remote (Worldwide),Years not stated,,41,greenhouse,2026-08-05T18:23:33-04:00,https://job-boards.greenhouse.io/canonical/jobs/5703396
Canonical,Software Engineer - Python and K8s,Remote (Worldwide),Years not stated,,40,greenhouse,2026-08-05T18:23:33-04:00,https://job-boards.greenhouse.io/canonical/jobs/3752633
Canonical,Software Engineer - Python - Container Images,Remote (Apac),Years not stated,,39,greenhouse,2026-08-25T10:07:36-04:00,https://job-boards.greenhouse.io/canonical/jobs/6222476
Canonical,"Software Engineer, Cloud - Sustaining Engineering",Remote (Worldwide),Years not stated,,38,greenhouse,2026-08-05T18:23:33-04:00,https://job-boards.greenhouse.io/canonical/jobs/3062022
Canonical,Software Engineer - L3 Support,Remote (Worldwide),Years not stated,,38,greenhouse,2026-08-05T18:23:33-04:00,https://job-boards.greenhouse.io/canonical/jobs/6635671
Canonical,"Software Engineer, Sustaining Engineering",Remote (Worldwide),Years not stated,,38,greenhouse,2026-08-05T18:23:33-04:00,https://job-boards.greenhouse.io/canonical/jobs/3326693
Canonical,Linux Devices Software Engineer,Remote (Worldwide),Years not stated,,37,greenhouse,2026-08-05T18:23:33-04:00,https://job-boards.greenhouse.io/canonical/jobs/5140562
Canonical,"Go (Golang) Software Engineer, Developer Tooling and Containers",Remote (Apac),Years not stated,,36,greenhouse,2026-08-23T19:34:47-04:00,https://job-boards.greenhouse.io/canonical/jobs/4857458
Canonical,Linux Software Engineer - Ubuntu for Next-Gen Silicon (multiple roles and seniority levels),Remote (Apac),Years not stated,,35,greenhouse,2026-08-05T18:23:33-04:00,https://job-boards.greenhouse.io/canonical/jobs/7432750
Canonical,"Graduate Software Engineer, Open Source and Linux, Canonical Ubuntu",Remote (Worldwide),Years not stated,,32,greenhouse,2026-08-24T05:14:46-04:00,https://job-boards.greenhouse.io/canonical/jobs/8142329
Canonical,Junior Ubuntu Software Engineer,Remote (Worldwide),Years not stated,,32,greenhouse,2026-08-05T18:23:33-04:00,https://job-boards.greenhouse.io/canonical/jobs/6707669
Canonical,Open Source Networking Software Engineer - ToR Switch / SmartNIC / DPU ,Remote (Apac),Years not stated,,32,greenhouse,2026-08-05T18:23:33-04:00,https://job-boards.greenhouse.io/canonical/jobs/5660661
Canonical,Security Software Engineer,Remote (Worldwide),Years not stated,,32,greenhouse,2026-08-05T18:23:33-04:00,https://job-boards.greenhouse.io/canonical/jobs/5146620
Canonical,Software Engineer - Solutions Engineering,Remote (Worldwide),Years not stated,,29,greenhouse,2026-08-05T18:23:33-04:00,https://job-boards.greenhouse.io/canonical/jobs/3290946
Canonical,Ubuntu Software Engineer,Remote (Worldwide),Years not stated,,29,greenhouse,2026-08-05T18:23:33-04:00,https://job-boards.greenhouse.io/canonical/jobs/6707824
Canonical,Software Engineer - App Stores,Remote (Worldwide),Years not stated,,26,greenhouse,2026-08-05T18:23:33-04:00,https://job-boards.greenhouse.io/canonical/jobs/3159992
Canonical,Alliances Field Engineer,Remote (Worldwide),Years not stated,,25,greenhouse,2026-08-05T18:23:33-04:00,https://job-boards.greenhouse.io/canonical/jobs/3433732
Coinbase,"Staff Software Engineer, Customer Administration",Remote (India),Senior title,94.2,62,greenhouse,2026-07-09T15:05:42-04:00,https://www.coinbase.com/careers/positions/8054153
Coinbase,"Staff Software Engineer, Security Platform",Remote (India),Senior title,94.2,20,greenhouse,2026-08-31T13:27:12-04:00,https://www.coinbase.com/careers/positions/8167571
Canonical,Embedded Linux Senior Software Engineer - Optimisation,Remote (Worldwide),Senior title,,30,greenhouse,2026-08-05T18:23:33-04:00,https://job-boards.greenhouse.io/canonical/jobs/6189337
Turing,Staff Software Engineer,Remote (India),Senior title,,30,greenhouse,2026-09-03T01:01:14-04:00,https://job-boards.greenhouse.io/turing/jobs/6115701004
Canonical,Cloud Solutions Architect - Alliances,Remote (Worldwide),Senior title,,25,greenhouse,2026-08-05T18:23:33-04:00,https://job-boards.greenhouse.io/canonical/jobs/5915936
Cloudflare,"Senior Manager, Customer Engineering, India",Remote (India),Senior title,,21,greenhouse,2026-09-04T10:59:17-04:00,https://boards.greenhouse.io/cloudflare/jobs/8020043
GitLab,AI Engineer,Bangalore / Remote,Years not stated,,55,greenhouse,2026-08-31T17:56:36-04:00,https://job-boards.greenhouse.io/gitlab/jobs/8556658002
Swiggy,Data Scientist II,Bengaluru,Years not stated,,35,smartrecruiters,2026-09-11T16:26:50.932000+00:00,https://jobs.smartrecruiters.com/swiggy/postings/6000000001399788
Swiggy,Data Scientist III,Bengaluru,Years not stated,,35,smartrecruiters,2026-09-09T13:53:04.471000+00:00,https://jobs.smartrecruiters.com/swiggy/postings/6000000001391633
GitLab,Intermediate Backend Engineer,Bangalore,Years not stated,,33,greenhouse,2026-09-03T02:59:02-04:00,https://job-boards.greenhouse.io/gitlab/jobs/8736877002
Adobe,Machine Learning Engineer 3,Bangalore,Years not stated,,30,workday,Posted 18 Days Ago,https://adobe.wd5.myworkdayjobs.com/en-US/external_experienced/job/Bangalore/Machine-Learning-Engineer-3_R171493-1
Meesho,Data Scientist III,Bangalore,Years not stated,,30,lever,2023-11-10T04:17:11.159000+00:00,https://jobs.lever.co/meesho/489fe662-5d28-4305-953e-91ee21e8538c
Razorpay,Forward Deployed Engineer,Bengaluru,Years not stated,,28,greenhouse,2026-08-18T03:09:40-04:00,https://job-boards.greenhouse.io/razorpaysoftwareprivatelimited/jobs/4723067005
Unacademy,"Software Engineer, Backend",Bengaluru,Years not stated,,25,smartrecruiters,2018-06-28T13:11:04+00:00,https://jobs.smartrecruiters.com/unacademy/postings/743999672726735
GitLab,Intermediate Backend Engineer - Database Change Management,Bangalore,Years not stated,,23,greenhouse,2026-08-31T17:56:36-04:00,https://job-boards.greenhouse.io/gitlab/jobs/8722304002
Atlan,Senior Security Engineer - Corporate Security,India,"5+ yrs, senior title",,21,ashby,2026-07-24T11:33:47.990000+00:00,https://jobs.ashbyhq.com/atlan/254c1250-953b-4323-8d18-9fe5e41d8d7d
Blackstone,BXTI - VP - Software Engineer,Bangalore,Years not stated,,20,workday,,https://blackstone.wd1.myworkdayjobs.com/en-US/Blackstone_Careers/job/Bangalore/BXTI---VP---Software-Engineer_45104
AddStructure,Staff Machine Learning Engineer,Bengaluru,Senior title,,70,lever,2025-08-13T15:33:11.981000+00:00,https://jobs.lever.co/bazaarvoice/779e032e-7970-47a9-aaad-150e89ef7790
Coursera,"Senior Software Engineer, Applied AI and Customer Solutions",India,Senior title,,69,greenhouse,2026-09-08T18:23:31-04:00,https://app.careerpuck.com/job-board/udemy/job/6145774004
Equal Experts,Lead Gen-AI Engineer,Bengaluru,Senior title,,57,greenhouse,2026-08-17T05:02:56-04:00,https://job-boards.greenhouse.io/equalexperts/jobs/8538926002
MinIO,Field Chief Technology Officer (Field CTO),Bengaluru / Remote,10+ yrs,,46,greenhouse,2026-08-20T19:40:42-04:00,https://job-boards.greenhouse.io/minio/jobs/5380066008
AddStructure,Staff Software Engineer (Real Time/ Streaming Data Engineer),Bengaluru,Senior title,,40,lever,2026-01-15T14:36:19.382000+00:00,https://jobs.lever.co/bazaarvoice/bcd72ca1-c6d0-439c-82de-850f236d2b25
Elastic,Consulting Architect - Search,India,Senior title,,39,greenhouse,2026-09-10T20:07:01-04:00,https://jobs.elastic.co/jobs
GitLab,"Senior Software Engineer, NLP",Bangalore,Senior title,,38,greenhouse,2026-09-10T03:45:01-04:00,https://job-boards.greenhouse.io/gitlab/jobs/8785285002
Equal Experts,Senior Data Engineer,India,Senior title,,35,greenhouse,2026-02-12T03:38:29-05:00,https://job-boards.greenhouse.io/equalexperts/jobs/5823892002
Freshworks,Lead - Data Scientist,Bengaluru,Senior title,,35,smartrecruiters,2026-09-10T08:50:27.493000+00:00,https://jobs.smartrecruiters.com/freshworks/postings/744000148710569
Swiggy,Staff Data Scientist,Bengaluru,Senior title,,35,smartrecruiters,2026-09-06T14:06:12.581000+00:00,https://jobs.smartrecruiters.com/swiggy/postings/6000000001378397
MinIO,Field Architect ,Bengaluru / Remote,Senior title,,34,greenhouse,2026-09-10T18:10:18-04:00,https://job-boards.greenhouse.io/minio/jobs/5371697008
GitLab,"Senior Backend Engineer (Ruby on Rails), Plan: Planning Views",Bangalore,Senior title,,33,greenhouse,2026-08-31T17:56:36-04:00,https://job-boards.greenhouse.io/gitlab/jobs/8695815002
GitLab,Senior Software Engineer,Bangalore,Senior title,,33,greenhouse,2026-08-31T17:56:36-04:00,https://job-boards.greenhouse.io/gitlab/jobs/8721124002
AddStructure,Senior Software Engineer(Date Engineering),Bengaluru,Senior title,,30,lever,2025-11-07T04:29:35.627000+00:00,https://jobs.lever.co/bazaarvoice/f031b69e-6ccd-4370-891b-2252a61e3800
GitLab,Senior Backend Engineer,Bangalore,Senior title,,30,greenhouse,2026-09-03T03:18:05-04:00,https://job-boards.greenhouse.io/gitlab/jobs/8736862002
GitLab,Staff Software Engineer,Bangalore,Senior title,,29,greenhouse,2026-08-31T17:56:36-04:00,https://job-boards.greenhouse.io/gitlab/jobs/8632446002
Equal Experts,Senior Backend Engineer,India,Senior title,,26,greenhouse,2026-08-06T01:41:56-04:00,https://job-boards.greenhouse.io/equalexperts/jobs/6679433002
GitLab,"Staff Backend Engineer, Gitlab Delivery: Upgrades",Bangalore,Senior title,,26,greenhouse,2026-08-31T17:56:36-04:00,https://job-boards.greenhouse.io/gitlab/jobs/8463922002
GitLab,"Staff Backend Engineer (Go), Events Platform",Bangalore,Senior title,,26,greenhouse,2026-08-31T17:56:36-04:00,https://job-boards.greenhouse.io/gitlab/jobs/8488961002
GitLab,Senior Backend Engineer - Platform Integrations (Monetization),Bangalore,Senior title,,23,greenhouse,2026-09-01T03:35:46-04:00,https://job-boards.greenhouse.io/gitlab/jobs/8615312002
GitLab,Staff Backend Engineer - Database Change Management,Bangalore,Senior title,,23,greenhouse,2026-08-31T17:56:36-04:00,https://job-boards.greenhouse.io/gitlab/jobs/8716271002
GitLab,"Staff Backend Engineer,  Software Supply Chain Security",Bangalore,Senior title,,23,greenhouse,2026-08-31T17:56:36-04:00,https://job-boards.greenhouse.io/gitlab/jobs/8480559002
Elastic,Consulting Architect - Security,India,Senior title,,21,greenhouse,2026-09-10T20:07:01-04:00,https://jobs.elastic.co/jobs
Elastic,Senior Support Engineer,Bangalore,Senior title,,21,greenhouse,2026-09-10T20:07:01-04:00,https://jobs.elastic.co/jobs
Flexera,Staff Software Engineer,Bangalore,Senior title,,20,workday,Posted 30+ Days Ago,https://flexerasoftware.wd1.myworkdayjobs.com/en-US/FlexeraSoftware/job/Bangalore/Staff-Software-Engineer_17170-1
Freshworks,Lead Software Engineer - Machine Learning,Hyderabad,Senior title,,25,smartrecruiters,2026-08-20T03:54:27.371000+00:00,https://jobs.smartrecruiters.com/freshworks/postings/744000144452829
Freshworks,Lead Software Engineer - Full Stack,Hyderabad,Senior title,,25,smartrecruiters,2026-07-13T10:49:36.313000+00:00,https://jobs.smartrecruiters.com/freshworks/postings/744000137424679
Mastercard,Software Engineer II,Pune,Years not stated,,20,workday,Posted 2 Days Ago,https://mastercard.wd1.myworkdayjobs.com/en-US/CorporateCareers/job/Pune-India/Software-Engineer-II_R-288000
Mastercard,Software Engineer II (Java Full Stack Developer),Pune,Years not stated,,20,workday,Posted 2 Days Ago,https://mastercard.wd1.myworkdayjobs.com/en-US/CorporateCareers/job/Pune-India/Software-Engineer-II--Java-Full-Stack-Developer-_R-259024
Mastercard,Software Engineer I,Pune,Years not stated,,20,workday,Posted 2 Days Ago,https://mastercard.wd1.myworkdayjobs.com/en-US/CorporateCareers/job/Pune-India/Software-Engineer-I_R-290204
Mastercard,Senior Software Engineer,Pune,Senior title,,20,workday,Posted 2 Days Ago,https://mastercard.wd1.myworkdayjobs.com/en-US/CorporateCareers/job/Pune-India/Senior-Software-Engineer_R-288605
